1,2,4,7,14,245,322
Day, Old Testament, Read?, New Testament, Read?, Psalms & Proverbs, Read?[ ]
1, Genesis 1 and Genesis 2:1-17, [x], Matthew 1:1-25, [x], Psalm 1:1-6, [x]
2, Genesis 2:18-25 and Genesis 3 and Genesis 4:1-16, [x], Matthew 2:1-18, [x], Psalm 2:1-12, [x]
3, Genesis 4:17-26 and Genesis 5 and Genesis 6, [x], Matthew 2:19-23 and Matthew 3, [x], Psalm 3:1-8, [x]
4, Genesis 7 and Genesis 8 and Genesis 9:1-17, [x], Matthew 4:1-22, [x], Proverbs 1:1-7, [x]
5, Genesis 9:18-29 and Genesis 10 and Genesis 11:1-9, [x], Matthew 4:23-25 and Matthew 5:1-20, [x], Psalm 4:1-8, [x]
6, Genesis 11:10-32 and Genesis 12 and Genesis 13, [x], Matthew 5:21-42, [x], Psalm 5:1-12, [x]
7, Genesis 14 and Genesis 15 and Genesis 16, [x], Matthew 5:43-48 and Matthew 6:1-24, [x], Psalm 6, [x]
8, Genesis 17 and Genesis 18, [x], Matthew 6:25-34 and Matthew 7:1-23, [x], Proverbs 1:8-19, [x]
9, Genesis 19 and Genesis 20:1-18, [x], Matthew 7:24-29 and Matthew 8:1-22, [x], Psalm 7:1-9, [x]
10, Genesis 21 and Genesis 22 and Genesis 23, [x], Matthew 8:23-34 and Matthew 9:1-13, [x], Psalm 7:10-17, [x]
11, Genesis 24:1-67, [x], Matthew 9:14-38, [x], Psalm 8:1-9, [x]
12, Genesis 25 and Genesis 26, [x], Matthew 10:1-31, [x], Proverbs 1:20-33, [x]
13, Genesis 27 and Genesis 28:1-22, [x], Matthew 10:32-42 and Matthew 11:1-15, [x], Psalm 9:1-6, [x]
14, Genesis 29 and Genesis 30, [x], Matthew 11:16-30, [x], Psalm 9:7-12, [x]
15, Genesis 31:1-55, [x], Matthew 12:1-21, [x], Psalm 9:13-20, [x]
16, Genesis 32 and Genesis 33, [x], Matthew 12:22-45, [x], Proverbs 2:1-11, [x]
17, Genesis 34 and Genesis 35, [x], Matthew 12:46-50 and Matthew 13:1-17, [x], Psalm 10:1-11, [x]
18, Genesis 36 and Genesis 37, [x], Matthew 13:18-35, [x], Psalm 10:12-18, [x]
19, Genesis 38 and Genesis 39, [x], Matthew 13:36-58, [x], Psalm 11:1-7, [x]
20, Genesis 40 and Genesis 41:1-40, [x], Matthew 14:1-21, [x], Proverbs 2:12-22, [x]
21, Genesis 41:41-57 and Genesis 42, [x], Matthew 14:22-36 and Matthew 15:1-9, [x], Psalm 12:1-8, [x]
22, Genesis 43 and Genesis 44, [x], Matthew 15:10-39, [x], Psalm 13:1-6, [x]
23, Genesis 45 and Genesis 46 and Genesis 47:1-12, [x], Matthew 16:1-20, [x], Psalm 14:1-7, [x]
24, Genesis 47:13-31 and Genesis 48, [x], Matthew 16:21-28 and Matthew 17:1-13, [x], Proverbs 3:1-10, [x]
25, Genesis 49 and Genesis 50, [x], Matthew 17:14-27 and Matthew 18:1-9, [x], Psalm 15:1-5, [x]
26, Job 1 and Job 2 and Job 3, [x], Matthew 18:10-35, [x], Psalm 16:1-11, [x]
27, Job 4 and Job 5 and Job 6 and Job 7, [x], Matthew 19:1-15, [x], Psalm 17:1-5, [x]
28, Job 8 and Job 9 and Job 10, [x], Matthew 19:16-30, [x], Proverbs 3:11-20, [x]
29, Job 11 and Job 12 and Job 13 and Job 14, [ ], Matthew 20:1-19, [ ], Psalm 17:6-12, [ ]
30, Job 15 and Job 16 and Job 17 and Job 18, [ ], Matthew 20:20-34, [ ], Psalm 17:13-15, [ ]
31, Job 19 and Job 20 and Job 21, [x], Matthew 21:1-17, [ ], Psalm 18:1-6, [ ]
32, Job 22 and Job 23 and Job 24, [ ], Matthew 21:18-32, [ ], Proverbs 3:21-35, [ ]
33, Job 25 and Job 26 and Job 27 and Job 28 and Job 29, [ ], Matthew 21:33-46 and Matthew 22:1-14, [ ], Psalm 18:7-15, [ ]
34, Job 30 and Job 31 and Job 32, [ ], Matthew 22:15-46, [ ], Psalm 18:16-24, [ ]
35, Job 33 and Job 34, [ ], Matthew 23:1-39, [ ], Psalm 18:25-36, [ ]
36, Job 35 and Job 36 and Job 37, [ ], Matthew 24:1-31, [ ], Proverbs 4:1-9, [ ]
37, Job 38 and Job 39 and Job 40:1-2, [ ], Matthew 24:32-51 and Matthew 25:1-13, [ ], Psalm 18:37-42, [ ]
38, Job 40:3-24 and Job 41 and Job 42, [ ], Matthew 25:14-46, [ ], Psalm 18:43-50, [ ]
39, Exodus 1 and Exodus 2 and Exodus 3, [ ], Matthew 26:1-30, [ ], Psalm 19:1-6, [ ]
40, Exodus 4 and Exodus 5 and Exodus 6:1-12, [ ], Matthew 26:31-46, [ ], Proverbs 4:10-19, [ ]
41, Exodus 6:13-30 and Exodus 7 andExodus 8, [ ], Matthew 26:47-68, [ ], Psalm 19:7-14, [ ]
42, Exodus 9 and Exodus 10, [ ], Matthew 26:69-75 and Matthew 27:1-10, [ ], Psalm 20:1-9, [ ]
43, Exodus 11 and Exodus 12, [ ], Matthew 27:11-44, [ ], Psalm 21:1-7, [ ]
44, Exodus 13 and Exodus 14, [ ], Matthew 27:45-66, [ ], Proverbs 4:20-27, [ ]
45, Exodus 15 and Exodus 16, [ ], Matthew 28:1-20, [ ], Psalm 21:8-13, [ ]
46, Exodus 17 and Exodus 18, [ ], Mark 1:1-28, [ ], Psalm 22:1-11, [ ]
47, Exodus 19 and Exodus 20, [ ], Mark 1:29-45 and Mark 2:1-17, [ ], Psalm 22:12-21, [ ]
48, Exodus 21 and Exodus 22, [ ], Mark 2:18-27 and Mark 3:1-30, [ ], Proverbs 5:1-14, [ ]
49, Exodus 23 and Exodus 24, [ ], Mark 3:31-35 and Mark 4:1-29, [ ], Psalm 22:22-31, [ ]
50, Exodus 25 and Exodus 26, [ ], Mark 4:30-41 and Mark 5:1-20, [ ], Psalm 23:1-6, [ ]
51, Exodus 27 and Exodus 28, [ ], Mark 5:21-43 and Mark 6:1-6, [ ], Psalm 24:1-10, [ ]
52, Exodus 29 and Exodus 30, [ ], Mark 6:7-29, [ ], Proverbs 5:15-23, [ ]
53, Exodus 31 and Exodus 32 and Exodus 33:1-6, [ ], Mark 6:30-56, [ ], Psalm 25:1-7, [ ]
54, Exodus 33:7-23 and Exodus 34, [ ], Mark 7:1-30, [ ], Psalm 25:8-15, [ ]
55, Exodus 35 and Exodus 36, [ ], Mark 7:31-37 and Mark 8:1-13, [ ], Psalm 25:16-22, [ ]
56, Exodus 37 and Exodus 38, [ ], Mark 8:14-38 and Mark 9:1, [ ], Proverbs 6:1-11, [ ]
57, Exodus 39 and Exodus 40, [ ], Mark 9:2-32, [ ], Psalm 26:1-12, [ ]
58, Leviticus 1 and Leviticus 2 and Leviticus 3, [ ], Mark 9:33-50 and Mark 10:1-12, [ ], Psalm 27:1-6, [ ]
59, Leviticus 4 and Leviticus 5:1-13, [ ], Mark 10:13-31, [ ], Psalm 27:7-14, [ ]
60, Leviticus 5:14-19 and Leviticus 6 and Leviticus 7:1-10, [ ], Mark 10:32-52, [ ], Proverbs 6:12-19, [ ]
61, Leviticus 7:11-38 and Leviticus 8, [ ], Mark 11:1-27, [ ], Psalm 28, [ ]
62, Leviticus 9 and Leviticus 10, [ ], Mark 11:28-33 and Mark 12:1-12, [ ], Psalm 29, [ ]
63, Leviticus 11 and Leviticus 12, [ ], Mark 12:13-27, [ ], Psalm 30:1-7, [ ]
64, Leviticus 13:1-59, [ ], Mark 12:28-44, [ ], Proverbs 6:20-29, [ ]
65, Leviticus 14:1-57, [ ], Mark 13:1-31, [ ], Psalm 30:8-12, [ ]
66, Leviticus 15 and Leviticus 16, [ ], Mark 13:32-37 and Mark 14:1-16, [ ], Psalm 31:1-8, [ ]
67, Leviticus 17 and Leviticus 18, [ ], Mark 14:17-42, [ ], Psalm 31:9-18, [ ]
68, Leviticus 19 and Leviticus 20, [ ], Mark 14:43-72, [ ], Proverbs 6:30-35, [ ]
69, Leviticus 21 and Leviticus 22, [ ], Mark 15:1-32, [ ], Psalm 31:19-24, [ ]
70, Leviticus 23 and Leviticus 24, [ ], Mark 15:33-47, [ ], Psalm 32, [ ]
71, Leviticus 25 and Leviticus 26:1-13, [ ], Mark 16:1-20, [ ], Psalm 33:1-11, [ ]
72, Leviticus 26:14-46 and Leviticus 27, [ ], Luke 1:1-25, [ ], Proverbs 7:1-5, [ ]
73, Numbers 1 and Numbers 2:1-9, [ ], Luke 1:26-38, [ ], Psalm 33:12-22, [ ]
74, Numbers 2:10-34 and Numbers 3, [ ], Luke 1:39-56, [ ], Psalm 34:1-10, [ ]
75, Numbers 4 and Numbers 5:1-10, [ ], Luke 1:57-80, [ ], Psalm 34:11-22, [ ]
76, Numbers 5:11-31 and Numbers 6:1-27, [ ], Luke 2:1-20, [ ], Proverbs 7:6-20, [ ]
77, Numbers 7:1-65, [ ], Luke 2:21-40, [ ], Psalm 35:1-10, [ ]
78, Numbers 7:66-89 and Numbers 8 and Numbers 9:1-14, [ ], Luke 2:41-52, [ ], Psalm 35:11-18, [ ]
79, Numbers 9:15-23 and Numbers 10 and Numbers 11:1-3, [ ], Luke 3:1-22, [ ], Psalm 35:19-28, [ ]
80, Numbers 11:4-35 and Numbers 12 and Numbers 13:1-25, [ ], Luke 3:23-38 and Luke 4:1-13, [ ], Proverbs 7:21-27, [ ]
81, Numbers 13:26-33 and Numbers 14, [ ], Luke 4:14-37, [ ], Psalm 36:1-12, [ ]
82, Numbers 15 and Numbers 16:1-35, [ ], Luke 4:38-44 and Luke 5:1-16, [ ], Psalm 37:1-9, [ ]
83, Numbers 16:36-50 and Numbers 17 and Numbers 18, [ ], Luke 5:17-32, [ ], Psalm 37:10-20, [ ]
84, Numbers 19 and Numbers 20 and Numbers 21:1-3, [ ], Luke 5:33-39 and Luke 6:1-11, [ ], Proverbs 8:1-11, [ ]
85, Numbers 21:4-35 and Numbers 22:1-20, [ ], Luke 6:12-36, [ ], Psalm 37:21-31, [ ]
86, Numbers 22:21-41 and Numbers 23:1-26, [ ], Luke 6:37-49 and Luke 7:1-10, [ ], Psalm 37:32-40, [ ]
87, Numbers 23:27-30 and Numbers 24 and Numbers 25, [ ], Luke 7:11-35, [ ], Psalm 38:1-11, [ ]
88, Numbers 26 and Numbers 27:1-11, [ ], Luke 7:36-50, [ ], Proverbs 8:12-21, [ ]
89, Numbers 27:12-23 and Numbers 28 and Numbers 29:1-11, [ ], Luke 8:1-18, [ ], Psalm 38:12-22, [ ]
90, Numbers 29:12-40 and Numbers 30 and Numbers 31:1-24, [ ], Luke 8:19-39, [ ], Psalm 39:1-13, [ ]
91, Numbers 31:25-54 and Numbers 32, [ ], Luke 8:40-56 and Luke 9:1-9, [ ], Psalm 40:1-8, [ ]
92, Numbers 33 and Numbers 34, [ ], Luke 9:10-27, [ ], Proverbs 8:22-31, [ ]
93, Numbers 35 and Numbers 36:1-12, [ ], Luke 9:28-56, [ ], Psalm 40:9-17, [ ]
94, Deuteronomy 1 and Deuteronomy 2:1-23, [ ], Luke 9:57-62 and Luke 10:1-24, [ ], Psalm 41:1-6, [ ]
95, Deuteronomy 2:24-37 and Deuteronomy 3 and Deuteronomy 4:1-14, [ ], Luke 10:25-42 and Luke 11:1-4, [ ], Psalm 41:7-13, [ ]
96, Deuteronomy 4:15-49 and Deuteronomy 5, [ ], Luke 11:5-32, [ ], Proverbs 8:32-36, [ ]
97, Deuteronomy 6 and Deuteronomy 7 and Deuteronomy 8, [ ], Luke 11:33-54, [ ], Psalm 42:1-6, [ ]
98, Deuteronomy 9 and Deuteronomy 10, [ ], Luke 12:1-34, [ ], Psalm 42:7-11, [ ]
99, Deuteronomy 11 and Deuteronomy 12, [ ], Luke 12:35-59, [ ], Psalm 43:1-5, [ ]
100, Deuteronomy 13 and Deuteronomy 14, [ ], Luke 13:1-30, [ ], Proverbs 9:1-12, [ ]
101, Deuteronomy 15 and Deuteronomy 16:1-20, [ ], Luke 13:31-35 and Luke 14:1-14, [ ], Psalm 44:1-12, [ ]
102, Deuteronomy 16:21-22 and Deuteronomy 17 and Deuteronomy 18, [ ], Luke 14:15-35, [ ], Psalm 44:13-26, [ ]
103, Deuteronomy 19 and Deuteronomy 20, [ ], Luke 15:1-32, [ ], Psalm 45:1-9, [ ]
104, Deuteronomy 21 and Deuteronomy 22, [ ], Luke 16:1-18, [ ], Proverbs 9:13-18, [ ]
105, Deuteronomy 23 and Deuteronomy 24 and Deuteronomy 25:1-19, [ ], Luke 16:19-31 and Luke 17:1-10, [ ], Psalm 45:10-17, [ ]
106, Deuteronomy 26 and Deuteronomy 27 and Deuteronomy 28:1-14, [ ], Luke 17:11-37, [ ], Psalm 46:1-11, [ ]
107, Deuteronomy 28:15-68, [ ], Luke 18:1-30, [ ], Psalm 47:1-9, [ ]
108, Deuteronomy 29 and Deuteronomy 30:1-10, [ ], Luke 18:31-43 and Luke 19:1-10, [ ], Proverbs 10:1-10, [ ]
109, Deuteronomy 30:11-20 and Deuteronomy 31:1-29, [ ], Luke 19:11-44, [ ], Psalm 48:1-8, [ ]
110, Deuteronomy 31:30 and Deuteronomy 32, [ ], Luke 19:45-48 and Luke 20:1-26, [ ], Psalm 48:9-14, [ ]
111, Deuteronomy 33 and Deuteronomy 34:1-12, [ ], Luke 20:27-47 and Luke 21:1-4, [ ], Psalm 49:1-20, [ ]
112, Joshua 1 and Joshua 2, [ ], Luke 21:5-38, [ ], Proverbs 10:11-20, [ ]
113, Joshua 3 and Joshua 4 and Joshua 5:1-12, [ ], Luke 22:1-38, [ ], Psalm 50:1-15, [ ]
114, Joshua 5:13-15 and Joshua 6 and Joshua 7, [ ], Luke 22:39-62, [ ], Psalm 50:16-23, [ ]
115, Joshua 8 and Joshua 9:1-15, [ ], Luke 22:63-71 and Luke 23:1-25, [ ], Psalm 51:1-9, [ ]
116, Joshua 9:16-27 and Joshua 10, [ ], Luke 23:26-56, [ ], Proverbs 10:21-30, [ ]
117, Joshua 11 and Joshua 12, [ ], Luke 24:1-35, [ ], Psalm 51:10-19, [ ]
118, Joshua 13 and Joshua 14, [ ], Luke 24:36-53, [ ], Psalm 52:1-9, [ ]
119, Joshua 15 and Joshua 16, [ ], John 1:1-28, [ ], Psalm 53:1-6, [ ]
120, Joshua 17 and Joshua 18, [ ], John 1:29-51, [ ], Proverbs 10:31-32 and Proverbs 11:1-8, [ ]
121, Joshua 19 and Joshua 20 and Joshua 21:1-19, [ ], John 2:1-25, [ ], Psalm 54:1-7, [ ]
122, Joshua 21:20-45 and Joshua 22, [ ], John 3:1-21, [ ], Psalm 55:1-11, [ ]
123, Joshua 23 and Joshua 24, [ ], John 3:22-36, [ ], Psalm 55:12-23, [ ]
124, Judges 1 and Judges 2:1-5, [ ], John 4:1-26, [ ], Proverbs 11:9-18, [ ]
125, Judges 2:6-23 and Judges 3, [ ], John 4:27-42, [ ], Psalm 56:1-13, [ ]
126, Judges 4 and Judges 5, [ ], John 4:43-54 and John 5:1-15, [ ], Psalm 57:1-6, [ ]
127, Judges 6 and Judges 7:1-8, [ ], John 5:16-30, [ ], Psalm 57:7-11, [ ]
128, Judges 7:8-25 and Judges 8, [ ], John 5:31-47, [ ], Proverbs 11:19-28, [ ]
129, Judges 9, [ ], John 6:1-24, [ ], Psalm 58:1-11, [ ]
130, Judges 10 and Judges 11, [ ], John 6:25-59, [ ], Psalm 59:1-8, [ ]
131, Judges 12 and Judges 13, [ ], John 6:60-71 and John 7:1-13, [ ], Psalm 59:9-19, [ ]
132, Judges 14 and Judges 15, [ ], John 7:14-44, [ ], Proverbs 11:29-31 and Proverbs 12:1-7, [ ]
133, Judges 16 and Judges 17, [ ], John 7:45-53 and John 8:1-11, [ ], Psalm 60:1-4, [ ]
134, Judges 18 and Judges 19, [ ], John 8:12-30, [ ], Psalm 60:5-12, [ ]
135, Judges 20 and Judges 21, [ ], John 8:31-59, [ ], Psalm 61:1-8, [ ]
136, Ruth 1 and Ruth 2, [ ], John 9:1-34, [ ], Proverbs 12:8-17, [ ]
137, Ruth 3 and Ruth 4, [ ], John 9:35-41 and John 10:1-21, [ ], Psalm 62:1-12, [ ]
138, 1 Samuel 1 and 1 Samuel 2:1-26, [ ], John 10:22-42, [ ], Psalm 63:1-11, [ ]
139, 1 Samuel 2:27-36 and 1 Samuel 3 and 1 Samuel 4, [ ], John 11:1-44, [ ], Psalm 64:1-10, [ ]
140, 1 Samuel 5 and 1 Samuel 6 and 1 Samuel 7, [ ], John 11:45-57 and John 12:1-11, [ ], Proverbs 12:18-27, [ ]
141, 1 Samuel 8 and 1 Samuel 9 and 1 Samuel 10:1-8, [ ], John 12:12-26, [ ], Psalm 65:1-13, [ ]
142, 1 Samuel 10:9-27 and 1 Samuel 11 and 1 Samuel 12, [ ], John 12:37-50 and John 13:1-17, [ ], Psalm 66:1-12, [ ]
143, 1 Samuel 13 and 1 Samuel 14:1-23, [ ], John 13:18-38, [ ], Psalm 66:13-20, [ ]
144, 1 Samuel 14:24-52 and 1 Samuel 15, [ ], John 14:1-31, [ ], Proverbs 12:28 and Proverbs 13:1-9, [ ]
145, 1 Samuel 16 and 1 Samuel 17:1-37, [ ], John 15 and John 16:1-4, [ ], Psalm 67:1-7, [ ]
146, 1 Samuel 17:38-58 and 1 Samuel 18, [ ], John 16:5-33 and John 17:1-5, [ ], Psalm 68:1-6, [ ]
147, 1 Samuel 19 and 1 Samuel 20, [ ], John 17:6-26, [ ], Psalm 68:7-14, [ ]
148, 1 Samuel 21 and 1 Samuel 22 and 1 Samuel 23, [ ], John 18:1-24, [ ], Proverbs 13:10-19, [ ]
149, 1 Samuel 24 and 1 Samuel 25, [ ], John 18:25-40, [ ], Psalm 68:15-20, [ ]
150, 1 Samuel 26 and 1 Samuel 27 and 1 Samuel 28, [ ], John 19:1-27, [ ], Psalm 68:21-27, [ ]
151, 1 Samuel 29 and 1 Samuel 30 and 1 Samuel 31, [ ], John 19:28-42 and John 20:1-9, [ ], Psalm 68:28-35, [ ]
152, 2 Samuel 1 and 2 Samuel 2:1-7, [ ], John 20:10-31, [ ], Proverbs 13:20-25 and Proverbs 14:1-4, [ ]
153, 2 Samuel 2:8-32 and 2 Samuel 3:1-21, [ ], John 21:1-25, [ ], Psalm 69:1-12, [ ]
154, 2 Samuel 3:22-39 and 2 Samuel 4 and 2 Samuel 5:1-5, [ ], Acts 1:1-22, [ ], Psalm 69:13-28, [ ]
155, 2 Samuel 5:6-25 and 2 Samuel 6, [ ], Acts 1:23-26 and Acts 2:1-21, [ ], Psalm 69:29-36, [ ]
156, 2 Samuel 7 and 2 Samuel 8, [ ], Acts 2:22-47, [ ], Proverbs 14:4-14, [ ]
157, 2 Samuel 9 and 2 Samuel 10, [ ], Acts 3, [ ], Psalm 70:1-5, [ ]
158, 2 Samuel 11 and 2 Samuel 12, [ ], Acts 4:1-22, [ ], Psalm 71:1-8, [ ]
159, 2 Samuel 13, [ ], Acts 4:23-37 and Acts 5:1-11, [ ], Psalm 71:9-18, [ ]
160, 2 Samuel 14 and 2 Samuel 15:1-12, [ ], Acts 5:12-42, [ ], Proverbs 14:15-24, [ ]
161, 2 Samuel 15:13-37 and 2 Samuel 16:1-14, [ ], Acts 6 and Acts 7:1-19, [ ], Psalm 71:19-24, [ ]
162, 2 Samuel 16:15-23 and 2 Samuel 17 and 2 Samuel 18:1-18, [ ], Acts 7:20-43, [ ], Psalm 72:1-20, [ ]
163, 2 Samuel 18:19-33 and 2 Samuel 19, [ ], Acts 7:44-60 and Acts 8:1-3, [ ], Psalm 73:1-14, [ ]
164, 2 Samuel 20 and 2 Samuel 21, [ ], Acts 8:4-40, [ ], Proverbs 14:25-35, [ ]
165, 2 Samuel 22 and 2 Samuel 23:1-7, [ ], Acts 9:1-31, [ ], Psalm 73:15-28, [ ]
166, 2 Samuel 23:8-39 and 2 Samuel 24:1-25, [ ], Acts 9:32-43 and Acts 10:1-23, [ ], Psalms 74:1-9, [ ]
167, 1 Kings 1 and 1 Kings 2:1-12, [ ], Acts 10:23-48 and Acts 11:1-18, [ ], Psalm 74:10-17, [ ]
168, 1 Kings 2:13-46 and 1 Kings 3:1-15, [ ], Acts 11:19-30 and Acts 12:1-19, [ ], Proverbs 15:1-10, [ ]
169, 1 Kings 3:16-28 and 1 Kings 4 and 1 Kings 5, [ ], Acts 12:19-25 and Acts 13:1-12, [ ], Psalm 74:18-23, [ ]
170, 1 Kings 6 and 1 Kings 7:1-22, [ ], Acts 13:13-41, [ ], Psalm 75:1-10, [ ]
171, 1 Kings 7:23-51 and 1 Kings 8:1-21, [ ], Acts 13:42-52 and Acts 14:1-7, [ ], Psalm 76:1-12, [ ]
172, 1 Kings 8:22-66 and 1 Kings 9:1-9, [ ], Acts 14:8-28, [ ], Proverbs 15:11-20, [ ]
173, 1 Kings 9:10-28 and 1 Kings 10 and 1 Kings 11:1-13, [ ], Acts 15:1-21, [ ], Psalm 77:1-9, [ ]
174, 1 Kings 11:14-43 and 1 Kings 12:1-24, [ ], Acts 15:22-41, [ ], Psalm 77:10-20, [ ]
175, 1 Kings 12:25-33 and 1 Kings 13 and 1 Kings 14:1-20, [ ], Acts 16:1-15, [ ], Psalm 78:1-8, [ ]
176, 1 Kings 14:21-31 and 1 Kings 15 and 1 Kings 16:1-7, [ ], Acts 16:16-40, [ ], Proverbs 15:21-30, [ ]
177, 1 Kings 16:8-34 and 1 Kings 17 and 1 Kings 18:1-15, [ ], Acts 17:1-21, [ ], Psalm 78:9-16, [ ]
178, 1 Kings 18:16-46 and 1 Kings 19, [ ], Acts 17:22-34 and Acts 18:1-8, [ ], Psalm 78:17-31, [ ]
179, 1 Kings 20 and 1 Kings 21, [ ], Acts 18:9-28 and Acts 19:1-13, [ ], Psalm 78:32-39, [ ]
180, 1 Kings 22:1-53, [ ], Acts 19:14-41, [ ], Proverbs 15:31-33 and Proverbs 16:1-7, [ ]
181, 2 Kings 1 and 2 Kings 2:1-25, [ ], Acts 20:1-38, [ ], Psalm 78:40-55, [ ]
182, 2 Kings 3 and 2 Kings 4:1-37, [ ], Acts 21:1-26, [ ], Psalm 78:56-72, [ ]
183, 2 Kings 4:38-44 and 2 Kings 5 and 2 Kings 6:1-23, [ ], Acts 21:27-40 and Acts 22:1-22, [ ], Psalm 79:1-13, [ ]
184, 2 Kings 6:24-33 and 2 Kings 7 and 2 Kings 8:1-15, [ ], Acts 22:22-30 and Acts 23:1-11, [ ], Proverbs 16:8-17, [ ]
185, 2 Kings 8:16-29 and 2 Kings 9, [ ], Acts 23:12-35, [ ], Psalm 80:1-7, [ ]
186, 2 Kings 10 and 2 Kings 11, [ ], Acts 24:1-27, [ ], Psalm 80:8-19, [ ]
187, 2 Kings 12 and 2 Kings 13 and 2 Kings 14:1-22, [ ], Acts 25:1-22, [ ], Psalm 81:1-7, [ ]
188, 2 Kings 14:23-29 and 2 Kings 15, [ ], Acts 25:23-27 and Acts 26:1-23, [ ], Proverbs 16:18-27, [ ]
189, 2 Kings 16 and 2 Kings 17, [ ], Acts 26:24-32 and Acts 27:1-12, [ ], Psalm 81:8-16, [ ]
190, 2 Kings 18 and 2 Kings 19:1-13, [ ], Acts 27:13-44, [ ], Psalm 82:1-8, [ ]
191, 2 Kings 19:14-37 and 2 Kings 20, [ ], Acts 28:1-16, [ ], Psalm 83:1-18, [ ]
192, 2 Kings 21 and 2 Kings 22, [ ], Acts 28:17-31, [ ], Proverbs 16:28-33 and Proverbs 17:1-4, [ ]
193, 2 Kings 23 and 2 Kings 24:1-7, [ ], Romans 1:1-17, [ ], Psalm 84:1-7, [ ]
194, 2 Kings 24:8-20 and 2 Kings 25, [ ], Romans 1:18-32, [ ], Psalm 84:8-12, [ ]
195, Jonah 1 and Jonah 2 and Jonah 3 and Jonah 4, [ ], Romans 2:1-16, [ ], Psalm 85:1-7, [ ]
196, Amos 1 and Amos 2, [ ], Romans 2:17-29 and Romans 3:1-8, [ ], Proverbs 17:5-14, [ ]
197, Amos 3 and Amos 4, [ ], Romans 3:9-31, [ ], Psalm 85:8-13, [ ]
198, Amos 5, [ ], Romans 4:1-15, [ ], Psalm 86:1-10, [ ]
199, Amos 6 and Amos 7, [ ], Romans 4:16-25 and Romans 5:1-11, [ ], Psalm 86:11-17, [ ]
200, Amos 8 and Amos 9, [ ], Romans 5:12-21, [ ], Proverbs 17:15-24, [ ]
201, Hosea 1 and Hosea 2, [ ], Romans 6:1-14, [ ], Psalm 87:1-7, [ ]
202, Hosea 3 and Hosea 4 and Hosea 5, [ ], Romans 6:15-23 and Romans 7:1-6, [ ], Psalm 88:1-9, [ ]
203, Hosea 6 and Hosea 7, [ ], Romans 7:7-25, [ ], Psalm 88:9-18, [ ]
204, Hosea 8 and Hosea 9, [ ], Romans 8:1-17, [ ], Proverbs 17:25-28 and Proverbs 18:1-6, [ ]
205, Hosea 10 and Hosea 11, [ ], Romans 8:18-39, [ ], Psalm 89:1-8, [ ]
206, Hosea 11 and Hosea 12 and Hosea 13 and Hosea 14, [ ], Romans 9:1-21, [ ], Psalm 89:9-13, [ ]
207, 1 Chronicles 1 and 1 Chronicles 2:1-17, [ ], Romans 9:22-33 and Romans 10:1-4, [ ], Psalm 89:14-18, [ ]
208, 1 Chronicles 2:18-55 and 1 Chronicles 3 and 1 Chronicles 4:1-8, [ ], Romans 10:5-21 and Romans 11:1-10, [ ], Proverbs 18:7-16, [ ]
209, 1 Chronicles 4:9-43 and 1 Chronicles 5, [ ], Romans 11:11-32, [ ], Psalm 89:19-29, [ ]
210, 1 Chronicles 6, [ ], Romans 11:33-36 and Romans 12:1-21, [ ], Psalm 89:30-37, [ ]
211, 1 Chronicles 7 and 1 Chronicles 8, [ ], Romans 13:1-14, [ ], Psalm 89:38-45, [ ]
212, 1 Chronicles 9 and 1 Chronicles 10:1-14, [ ], Romans 14:1-18, [ ], Proverbs 18:17-24 and Proverbs 19:1-2, [ ]
213, 1 Chronicles 11 and 1 Chronicles 12:1-22, [ ], Romans 14:19-23 and Romans 15:1-13, [ ], Psalm 89:46-52, [ ]
214, 1 Chronicles 12:23-40 and 1 Chronicles 13 and 1 Chronicles 14, [ ], Romans 15:14-33, [ ], Psalm 90:1-10, [ ]
215, 1 Chronicles 15 and 1 Chronicles 16:1-36, [ ], Romans 16, [ ], Psalm 90:11-17, [ ]
216, 1 Chronicles 16:37-43 and 1 Chronicles 17 and 1 Chronicles 18, [ ], 1 Corinthians 1:1-17, [x], Proverbs 19:3-12, [ ]
217, 1 Chronicles 19 and 1 Chronicles 20 and 1 Chronicles 21, [ ], 1 Corinthians 1:18-31 and 1 Corinthians 2:1-5, [x], Psalm 91:1-8, [ ]
218, 1 Chronicles 22 and 1 Chronicles 23, [ ], 1 Corinthians 2:6-16, [x], Psalm 91:9-16, [ ]
219, 1 Chronicles 24 and 1 Chronicles 25 and 1 Chronicles 26:1-19, [ ], 1 Corinthians 3, [x], Psalm 92:1-15, [ ]
220, 1 Chronicles 26:20-32 and 1 Chronicles 27, [ ], 1 Corinthians 4, [x], Proverbs 19:13-22, [ ]
221, 1 Chronicles 28 and 1 Chronicles 29, [ ], 1 Corinthians 5, [x], Psalm 93:1-5, [ ]
222, 2 Chronicles 1:1-17, [ ], 1 Corinthians 6, [x], Psalm 94:1-11, [ ]
223, Ecclesiastes 1 and Ecclesiastes 2 and Ecclesiastes 3:1-22, [ ], 1 Corinthians 7:1-16, [x], Psalm 94:12-23, [ ]
224, Ecclesiastes 4 and Ecclesiastes 5 and Ecclesiastes 6, [ ], 1 Corinthians 7:17-35, [x], Proverbs 19:23-29 and Proverbs 20:1-4, [ ]
225, Ecclesiastes 7 and Ecclesiastes 8 and Ecclesiastes 9:1-12, [ ], 1 Corinthians 7:36-40 and 1 Corinthians 8:1-13, [x], Psalm 95:1-11, [ ]
226, Ecclesiastes 9:13-18 and Ecclesiastes 10 and Ecclesiastes 11 and Ecclesiastes 12, [ ], 1 Corinthians 9:1-18, [x], Psalm 96:1-13, [ ]
227, 2 Chronicles 2 and 2 Chronicles 3 and 2 Chronicles 4 and 2 Chronicles 5:1, [ ], 1 Corinthians 9:19-27 and 1 Corinthians 10:1-13, [x], Psalm 97:1-12, [ ]
228, 2 Chronicles 5:2-14 and 2 Chronicles 6 and 2 Chronicles 7:1-10, [ ], 1 Corinthians 10:14-33 and 1 Corinthians 11:1, [x], Proverbs 20:5-14, [ ]
229, 2 Chronicles 7:11-22 and 2 Chronicles 8 and 2 Chronicles 9, [ ], 1 Corinthians 11:2-34, [x], Psalm 98:1-9, [ ]
230, Song 1 and Song 2 and Song 3 and Song 4, [ ], 1 Corinthians 12:1-26, [x], Psalm 99:1-9, [ ]
231, Song 5 and Song 6 and Song 7 and Song 8, [ ], 1 Corinthians 12:27-31 and 1 Corinthians 13:1-13, [x], Psalm 100:1-5, [ ]
232, 2 Chronicles 10 and 2 Chronicles 11 and 2 Chronicles 12, [ ], 1 Corinthians 14:1-19, [x], Proverbs 20:15-24, [ ]
233, 2 Chronicles 13 and 2 Chronicles 14 and 2 Chronicles 15, [ ], 1 Corinthians 14:20-40, [x], Psalm 101:1-8, [ ]
234, 2 Chronicles 16 and 2 Chronicles 17 and 2 Chronicles 18:1-27, [ ], 1 Corinthians 15:1-34, [x], Psalm 102:1-11, [ ]
235, 2 Chronicles 18:28-34 and 2 Chronicles 19 and 2 Chronicles 20, [ ], 1 Corinthians 15:35-49, [x], Psalm 102:12-17, [ ]
236, 2 Chronicles 21 and 2 Chronicles 22 and 2 Chronicles 23, [ ], 1 Corinthians 15:50-58 and 1 Corinthians 16:1-4, [x], Proverbs 20:25-30 and Proverbs 21:1-4, [ ]
237, 2 Chronicles 24 and 2 Chronicles 25, [ ], 1 Corinthians 16:5-24, [x], Psalm 102:18-28, [ ]
238, 2 Chronicles 26 and 2 Chronicles 27 and 2 Chronicles 28, [ ], 2 Corinthians 1:1-11, [ ], Psalm 103:1-12, [ ]
239, 2 Chronicles 29 and 2 Chronicles 30 and 2 Chronicles 31:1, [ ], 2 Corinthians 1:12-22, [ ], Psalm 103:13-22, [ ]
240, 2 Chronicles 31:2-21 and 2 Chronicles 32 and 2 Chronicles 33:1-20, [ ], 2 Corinthians 1:23 and 2 Corinthians 2:1-11, [ ], Proverbs 21:5-16, [ ]
241, 2 Chronicles 33:21-24 and 2 Chronicles 34 and 2 Chronicles 35:1-19, [ ], 2 Corinthians 2:12-17 and 2 Corinthians 3:1-6, [ ], Psalm 104:1-18, [ ]
242, 2 Chronicles 35:20-27 and 2 Chronicles 36, [ ], 2 Corinthians 3:7-18, [ ], Psalm 104:19-30, [ ]
243, Micah 1 and Micah 2 and Micah 3 and Micah 4, [ ], 2 Corinthians 4, [ ], Psalm 104:31-35, [ ]
244, Micah 5 and Micah 6 and Micah 7, [ ], 2 Corinthians 5:1-10, [ ], Proverbs 21:17-26, [ ]
245, Isaiah 1 and Isaiah 2, [ ], 2 Corinthians 5:11-21 and 2 Corinthians 6:1-2, [ ], Psalm 105:1-11, [ ]
246, Isaiah 3 and Isaiah 4 and Isaiah 5:1-7, [ ], 2 Corinthians 6:3-18 and 2 Corinthians 7:1, [ ], Psalm 105:12-22, [ ]
247, Isaiah 5:8-30 and Isaiah 6 and Isaiah 7 and Isaiah 8:1-10, [ ], 2 Corinthians 7:2-16, [ ], Psalm 105:23-36, [ ]
248, Isaiah 8:11-22 and Isaiah 9 and Isaiah 10:1-19, [ ], 2 Corinthians 8:1-15, [ ], Proverbs 21:27-31 and Proverbs 22:1-6, [ ]
249, Isaiah 10:20-34 and Isaiah 11 and Isaiah 12 and Isaiah 13, [ ], 2 Corinthians 8:16-24 and 2 Corinthians 9:1-5, [ ], Psalm 105:37-45, [ ]
250, Isaiah 14 and Isaiah 15 and Isaiah 16, [ ], 2 Corinthians 9:6-15, [ ], Psalm 106:1-15, [ ]
251, Isaiah 17 and Isaiah 18 and Isaiah 19, [ ], 2 Corinthians 10, [ ], Psalm 106:16-31, [ ]
252, Isaiah 20 and Isaiah 21 and Isaiah 22 and Isaiah 23, [ ], 2 Corinthians 11:1-15, [ ], Proverbs 22:7-16, [ ]
253, Isaiah 24 and Isaiah 25 and Isaiah 26, [ ], 2 Corinthians 11:16-33, [ ], Psalm 106:32-39, [ ]
254, Isaiah 27 and Isaiah 28, [ ], 2 Corinthians 12:1-10, [ ], Psalm 106:40-48, [ ]
255, Isaiah 29 and Isaiah 30:1-18, [ ], 2 Corinthians 12:11-21, [ ], Psalm 107:1-9, [ ]
256, Isaiah 30:19-33 and Isaiah 31 and Isaiah 32, [ ], 2 Corinthians 13, [ ], Proverbs 22:17-27, [ ]
257, Isaiah 33 and Isaiah 34 and Isaiah 35, [ ], Galatians 1, [ ], Psalm 107:10-22, [ ]
258, Isaiah 36 and Isaiah 37, [ ], Galatians 2:1-10, [ ], Psalm 107:23-32, [ ]
259, Isaiah 38 and Isaiah 39 and Isaiah 40, [ ], Galatians 2:11-21 and Galatians 3:1-9, [ ], Psalm 107:33-43, [ ]
260, Isaiah 41 and Isaiah 42, [ ], Galatians 3:10-25, [ ], Proverbs 22:28-29 and Proverbs 23:1-9, [ ]
261, Isaiah 43 and Isaiah 44:1-23, [ ], Galatians 3:26-29 and Galatians 4:1-20, [ ], Psalm 108:1-5, [ ]
262, Isaiah 44:24-28 and Isaiah 45 and Isaiah 46, [ ], Galatians 4:21-31 and Galatians 5:1-6, [ ], Psalm 108:6-13, [ ]
263, Isaiah 47 and Isaiah 48 and Isaiah 49:1-7, [ ], Galatians 5:7-26, [ ], Psalm 109:1-20, [ ]
264, Isaiah 49:8-26 and Isaiah 50 and Isaiah 51:1-16, [ ], Galatians 6, [ ], Proverbs 23:10-18, [ ]
265, Isaiah 51:17-23 and Isaiah 52 and Isaiah 53 and Isaiah 54, [ ], Ephesians 1, [ ], Psalm 109:21-31, [ ]
266, Isaiah 55 and Isaiah 56 and Isaiah 57:1-13, [ ], Ephesians 2, [ ], Psalm 110:1-7, [ ]
267, Isaiah 57:14-21 and Isaiah 58 and Isaiah 59, [ ], Ephesians 3, [ ], Psalm 111:1-10, [ ]
268, Isaiah 60 and Isaiah 61 and Isaiah 62, [ ], Ephesians 4:1-16, [ ], Proverbs 23:19-28, [ ]
269, Isaiah 63 and Isaiah 64 and Isaiah 65:1-16, [ ], Ephesians 4:17-32 and Ephesians 5:1-7, [ ], Psalm 112:1-10, [ ]
270, Isaiah 65:17-25 and Isaiah 66, [ ], Ephesians 5:8-33, [ ], Psalm 113:1-9, [ ]
271, Nahum 1 and Nahum 2 and Nahum 3, [ ], Ephesians 6, [ ], Psalm 114:1-8, [ ]
272, Zephaniah 1 and Zephaniah 2 and Zephaniah 3, [ ], Philippians 1:1-26, [ ], Proverbs 23:29-35 and Proverbs 24:1-4, [ ]
273, Jeremiah 1 and Jeremiah 2:1-30, [ ], Philippians 1:27-30 and Philippians 2:1-11, [ ], Psalm 115:1-11, [ ]
274, Jeremiah 2:31-47 and Jeremiah 3 and Jeremiah 4:1-9, [ ], Philippians 2:12-30, [ ], Psalm 115:12-18, [ ]
275, Jeremiah 4:10-31 and Jeremiah 5, [ ], Philippians 3 and Philippians 4:1, [ ], Psalm 116:1-11, [ ]
276, Jeremiah 6 and Jeremiah 7:1-29, [ ], Philippians 4:2-23, [ ], Proverbs 24:5-14, [ ]
277, Jeremiah 7:30-34 and Jeremiah 8 and Jeremiah 9:1-16, [ ], Colossians 1:1-23, [ ], Psalm 116:12-19, [ ]
278, Jeremiah 9:17-26 and Jeremiah 10 and Jeremiah 11:1-17, [ ], Colossians 1:24-29 and Colossians 2:1-5, [ ], Psalm 117:1-2, [ ]
279, Jeremiah 11:18-23 and Jeremiah 12 and Jeremiah 13, [ ], Colossians 2:6-23, [ ], Psalm 118:1-16, [ ]
280, Jeremiah 14 and Jeremiah 15, [ ], Colossians 3 and Colossians 4:1, [ ], Proverbs 24:15-22, [ ]
281, Jeremiah 16 and Jeremiah 17, [ ], Colossians 4:2-18, [ ], Psalm 118:17-29, [ ]
282, Jeremiah 18 and Jeremiah 19 and Jeremiah 20, [ ], 1 Thessalonians 1 and 1 Thessalonians 2:1-16, [ ], Psalm 119:1-8, [ ]
283, Jeremiah 21 and Jeremiah 22 and Jeremiah 23:1-8, [ ], 1 Thessalonians 2:17-19 and 1 Thessalonians 3, [ ], Psalm 119:9-16, [ ]
284, Jeremiah 23:9-40 and Jeremiah 24 and Jeremiah 25:1-14, [ ], 1 Thessalonians 4, [ ], Proverbs 24:23-34, [ ]
285, Jeremiah 25:15-38 and Jeremiah 26, [ ], 1 Thessalonians 5, [ ], Psalm 119:17-24, [ ]
286, Jeremiah 27 and Jeremiah 28 and Jeremiah 29:1-23, [ ], 2 Thessalonians 1, [ ], Psalm 119:25-32, [ ]
287, Jeremiah 29:24-32 and Jeremiah 30 and Jeremiah 31:1-14, [ ], 2 Thessalonians 2, [ ], Psalm 119:33-40, [ ]
288, Jeremiah 31:15-40 and Jeremiah 32:1-25, [ ], 2 Thessalonians 3, [ ], Proverbs 25:1-10, [ ]
289, Jeremiah 32:26-44 and Jeremiah 33 and Jeremiah 34, [ ], 1 Timothy 1, [ ], Psalm 119:41-48, [ ]
290, Jeremiah 35 and Jeremiah 36 and Jeremiah 37, [ ], 1 Timothy 2, [ ], Psalm 119:49-56, [ ]
291, Jeremiah 38 and Jeremiah 39 and Jeremiah 40:1-6, [ ], 1 Timothy 3, [ ], Psalm 119:57-64, [ ]
292, Jeremiah 40:7-16 and Jeremiah 41 and Jeremiah 42, [ ], 1 Timothy 4, [ ], Proverbs 25:11-20, [ ]
293, Jeremiah 43 and Jeremiah 44 and Jeremiah 45, [ ], 1 Timothy 5 and 1 Timothy 6:1-2, [ ], Psalm 119:65-72, [ ]
294, Jeremiah 46 and Jeremiah 47, [ ], 1 Timothy 6:3-21, [ ], Psalm 119:73-80, [ ]
295, Jeremiah 48 and Jeremiah 49:1-6, [ ], 2 Timothy 1, [ ], Psalm 119:81-88, [ ]
296, Jeremiah 49:7-39 and Jeremiah 50:1-10, [ ], 2 Timothy 2, [ ], Proverbs 25:21-28 and Proverbs 26:1-2, [ ]
297, Jeremiah 50:11-46 and Jeremiah 51:1-14, [ ], 2 Timothy 3, [ ], Psalm 119:89-96, [ ]
298, Jeremiah 51:15-64, [ ], 2 Timothy 4, [ ], Psalm 119:97-104, [ ]
299, Jeremiah 52, [ ], Titus 1, [ ], Psalm 119:105-112, [ ]
300, Habakkuk 1 and Habakkuk 2 and Habakkuk 3:1-19, [ ], Titus 2, [ ], Proverbs 26:3-12, [ ]
301, Lamentations 1 and Lamentations 2:1-6, [ ], Titus 3, [ ], Psalm 119:113-120, [ ]
302, Lamentations 2:7-27 and Lamentations 3:1-39, [ ], Philemon 1, [ ], Psalm 119:121-128, [ ]
303, Lamentations 3:40-66 and Lamentations 4 and Lamentations 5, [ ], Hebrews 1, [ ], Psalm 119:129-136, [ ]
304, Obadiah 1, [ ], Hebrews 2, [ ], Proverbs 26:13-22, [ ]
305, Joel 1 and Joel 2:1-17, [ ], Hebrews 3, [ ], Psalm 119:137-144, [ ]
306, Joel 2:18-32 and Joel 3, [ ], Hebrews 4:1-13, [ ], Psalm 119:145-152, [ ]
307, Ezekiel 1 and Ezekiel 2 and Ezekiel 3, [ ], Hebrews 4:14-16 and Hebrews 5:1-10, [ ], Psalm 119:153-160, [ ]
308, Ezekiel 4 and Ezekiel 5 and Ezekiel 6, [ ], Hebrews 5:11-14 and Hebrews 6:1-12, [ ], Proverbs 26:23-28 and Proverbs 27:1-4, [ ]
309, Ezekiel 7 and Ezekiel 8 and Ezekiel 9, [ ], Hebrews 6:13-20 and Hebrews 7:1-10, [ ], Psalm 119:161-168, [ ]
310, Ezekiel 10 and Ezekiel 11 and Ezekiel 12, [ ], Hebrews 7:11-28, [ ], Psalm 119:169-176, [ ]
311, Ezekiel 13 and Ezekiel 14 and Ezekiel 15, [ ], Hebrews 8, [ ], Psalm 120:1-7, [ ]
312, Ezekiel 16, [ ], Hebrews 9:1-15, [ ], Proverbs 27:5-14, [ ]
313, Ezekiel 17 and Ezekiel 18, [ ], Hebrews 9:16-28, [ ], Psalm 121:1-8, [ ]
314, Ezekiel 19 and Ezekiel 20:1-44, [ ], Hebrews 10:1-18, [ ], Psalm 122:1-9, [ ]
315, Ezekiel 20:45-49 and Ezekiel 21 and Ezekiel 22:1-22, [ ], Hebrews 10:19-39, [ ], Psalm 123:1-4, [ ]
316, Ezekiel 22:23-31 and Ezekiel 23, [ ], Hebrews 11:1-16, [ ], Proverbs 27:15-22, [ ]
317, Ezekiel 24 and Ezekiel 25, [ ], Hebrews 11:17-40, [ ], Psalm 124:1-8, [ ]
318, Ezekiel 26 and Ezekiel 27, [ ], Hebrews 12:1-13, [ ], Psalm 125:1-5, [ ]
319, Ezekiel 28 and Ezekiel 29, [ ], Hebrews 12:14-29, [ ], Psalm 126:1-6, [ ]
320, Ezekiel 30 and Ezekiel 31, [ ], Hebrews 13, [ ], Proverbs 27:23-27 and Proverbs 28:1-6, [ ]
321, Ezekiel 32 and Ezekiel 33:1-32, [ ], James 1, [ ], Psalm 127:1-5, [ ]
322, Ezekiel 33:21-33 and Ezekiel 34 and Ezekiel 35, [ ], James 2, [ ], Psalm 128:1-6, [ ]
323, Ezekiel 36 and Ezekiel 37, [ ], James 3, [ ], Psalm 129:1-8, [ ]
324, Ezekiel 38 and Ezekiel 39, [ ], James 4, [ ], Proverbs 28:7-17, [ ]
325, Ezekiel 40, [ ], James 5, [ ], Psalm 130:1-8, [ ]
326, Ezekiel 41 and Ezekiel 42, [ ], 1 Peter 1 and 1 Peter 2:1-3, [ ], Psalm 131:1-3, [ ]
327, Ezekiel 43 and Ezekiel 44, [ ], 1 Peter 2:4-25, [ ], Psalm 132:1-18, [ ]
328, Ezekiel 45 and Ezekiel 46, [ ], 1 Peter 3, [ ], Proverbs 28:18-28, [ ]
329, Ezekiel 47 and Ezekiel 48, [ ], 1 Peter 4, [ ], Psalm 133:1-3, [ ]
330, Daniel 1 and Daniel 2:1-23, [ ], 1 Peter 5, [ ], Psalm 134:1-3, [ ]
331, Daniel 2:24-49 and Daniel 3:1-12, [ ], 2 Peter 1, [ ], Psalm 135:1-12, [ ]
332, Daniel 3:13-30 and Daniel 4:1-18, [ ], 2 Peter 2, [ ], Proverbs 29:1-9, [ ]
333, Daniel 4:19-37 and Daniel 5:1-16, [ ], 2 Peter 3, [ ], Psalm 135:13-21, [ ]
334, Daniel 5:17-31 and Daniel 6:1-28, [ ], 1 John 1 and 1 John 2, [ ], Psalm 136:1-12, [ ]
335, Daniel 7 and Daniel 8:1-14, [ ], 1 John 2:12-27, [ ], Psalm 136:13-26, [ ]
336, Daniel 8:15-27 and Daniel 9:1-19, [ ], 1 John 2:28-29 and 1 John 3:1-10, [ ], Proverbs 29:10-18, [ ]
337, Daniel 9:20-27 and Daniel 10 and Daniel 11:1, [ ], 1 John 3:11-24 and 1 John 4:1-6, [ ], Psalm 137:1-9, [ ]
338, Daniel 11:2-35, [ ], 1 John 4:7-21, [ ], Psalm 138:1-8, [ ]
339, Daniel 11:36-45 and Daniel 12, [ ], 1 John 5:1-21, [ ], Psalm 139:1-10, [ ]
340, Haggai 1 and Haggai 2:1-23, [ ], 2 John 1:1-13, [ ], Proverbs 29:19-27, [ ]
341, Zechariah 1 and Zechariah 2 and Zechariah 3 and Zechariah 4, [ ], 3 John 1:1-14, [ ], Psalm 139:11-16, [ ]
342, Zechariah 5 and Zechariah 6 and Zechariah 7 and Zechariah 8, [ ], Jude 1:1-25, [ ], Psalm 139:17-24, [ ]
343, Zechariah 9 and Zechariah 10 and Zechariah 11, [ ], Revelation 1, [ ], Psalm 140:1-5, [ ]
344, Zechariah 12 and Zechariah 13 and Zechariah 14, [ ], Revelation 2:1-17, [ ], Proverbs 30:1-10, [ ]
345, Esther 1 and Esther 2:1-18, [ ], Revelation 2:18-29 and Revelation 3:1-6, [ ], Psalm 140:6-13, [ ]
346, Esther 2:19-23 and Esther 3 and Esther 4 and Esther 5, [ ], Revelation 3:7-22, [ ], Psalm 141:1-10, [ ]
347, Esther 6 and Esther 7 and Esther 8, [ ], Revelation 4, [ ], Psalm 142:1-11, [ ]
348, Esther 9 and Esther 10, [ ], Revelation 5, [ ], Proverbs 30:11-23, [ ]
349, Malachi 1 and Malachi 2:1-16, [ ], Revelation 6, [ ], Psalm 143:1-12, [ ]
350, Malachi 2:17 and Malachi 3 and Malachi 4, [ ], Revelation 7, [ ], Psalm 144:1-8, [ ]
351, Ezra 1 and Ezra 2:1-67, [ ], Revelation 8 and Revelation 9:1-12, [ ], Psalm 144:9-15, [ ]
352, Ezra 2:68-70 and Ezra 3 and Ezra 4:1-5, [ ], Revelation 9:13-21 and Revelation 10, [ ], Proverbs 30:24-33, [ ]
353, Ezra 4:6-24 and Ezra 5, [ ], Revelation 11, [ ], Psalm 145:1-7, [ ]
354, Ezra 6 and Ezra 7:1-10, [ ], Revelation 12 and Revelation 13:1, [ ], Psalm 145:8-13, [ ]
355, Ezra 7:11-28 and Ezra 8:1-14, [ ], Revelation 13:1-18, [ ], Psalm 145:13-21, [ ]
356, Ezra 8:15-36 and Ezra 9:1-15, [ ], Revelation 14:1-13, [ ], Proverbs 31:1-9, [ ]
357, Ezra 10, [ ], Revelation 14:14-20 and Revelation 15, [ ], Psalm 146:1-10, [ ]
358, Nehemiah 1 and Nehemiah 2, [ ], Revelation 16, [ ], Psalm 147:1-11, [ ]
359, Nehemiah 3 and Nehemiah 4, [ ], Revelation 17, [ ], Psalm 147:12-20, [ ]
360, Nehemiah 5 and Nehemiah 6 and Nehemiah 7:1-3, [ ], Revelation 18:1-17, [ ], Proverbs 31:10-20, [ ]
361, Nehemiah 7:4-73 and Nehemiah 8, [ ], Revelation 18:17-24 and Revelation 19:1-10, [ ], Psalm 148:1-6, [ ]
362, Nehemiah 9:1-37, [ ], Revelation 19:11-21, [ ], Psalm 148:7-14, [ ]
363, Nehemiah 9:38 and Nehemiah 10 and Nehemiah 11:1-21, [ ], Revelation 20, [ ], Psalm 149:1-9, [ ]
364, Nehemiah 11:22-36 and Nehemiah 12:1-47, [ ], Revelation 21, [ ], Proverbs 31:21-31, [ ]
365, Nehemiah 13, [ ], Revelation 22, [ ], Psalm 150:1-56, [ ]